<?xml version="1.0" encoding="UTF-8"?>
<project-private xmlns="http://www.netbeans.org/ns/project-private/1">
    <editor-bookmarks xmlns="http://www.netbeans.org/ns/editor-bookmarks/2" lastBookmarkId="0"/>
    <open-files xmlns="http://www.netbeans.org/ns/projectui-open-files/2">
        <group>
            <file>file:/D:/swp2/LMSS/src/java/model/Grade.java</file>
            <file>file:/D:/swp2/LMSS/web/admin/announcements.jsp</file>
            <file>file:/D:/swp2/LMSS/src/java/controller/GradeServlet.java</file>
            <file>file:/D:/swp2/LMSS/src/java/dao/GradeDAO.java</file>
            <file>file:/D:/swp2/LMSS/web/admin/grades.jsp</file>
            <file>file:/D:/swp2/LMSS/src/java/dao/TestGrades.java</file>
            <file>file:/D:/swp2/LMSS/web/admin/dashboard.html</file>
        </group>
    </open-files>
</project-private>
