<?xml version="1.0" encoding="UTF-8"?>
<project-private xmlns="http://www.netbeans.org/ns/project-private/1">
    <editor-bookmarks xmlns="http://www.netbeans.org/ns/editor-bookmarks/2" lastBookmarkId="0"/>
    <open-files xmlns="http://www.netbeans.org/ns/projectui-open-files/2">
        <group>
            <file>file:/C:/Users/Asus/Documents/NetBeansProjects/LMSS/src/java/controller/LoginServlet.java</file>
            <file>file:/C:/Users/Asus/Documents/NetBeansProjects/LMSS/web/student/courses.jsp</file>
            <file>file:/C:/Users/Asus/Documents/NetBeansProjects/LMSS/src/java/dao/LecturerDAO.java</file>
            <file>file:/C:/Users/Asus/Documents/NetBeansProjects/LMSS/src/java/dao/AdminDAO.java</file>
            <file>file:/C:/Users/Asus/Documents/NetBeansProjects/LMSS/src/java/controller/VerifyEmailServlet.java</file>
            <file>file:/C:/Users/Asus/Documents/NetBeansProjects/LMSS/src/java/controller/RegisterServlet.java</file>
            <file>file:/C:/Users/Asus/Documents/NetBeansProjects/LMSS/src/java/controller/GoogleLoginServlet.java</file>
            <file>file:/C:/Users/Asus/Documents/NetBeansProjects/LMSS/src/java/model/Lecturer.java</file>
            <file>file:/C:/Users/Asus/Documents/NetBeansProjects/LMSS/src/java/model/PasswordReset.java</file>
            <file>file:/C:/Users/Asus/Documents/NetBeansProjects/LMSS/src/java/utils/TokenUtil.java</file>
            <file>file:/C:/Users/Asus/Documents/NetBeansProjects/LMSS/src/java/model/Student.java</file>
            <file>file:/C:/Users/Asus/Documents/NetBeansProjects/LMSS/web/login.jsp</file>
            <file>file:/C:/Users/Asus/Documents/NetBeansProjects/LMSS/src/java/controller/LogoutServlet.java</file>
            <file>file:/C:/Users/Asus/Documents/NetBeansProjects/LMSS/web/WEB-INF/web.xml</file>
            <file>file:/C:/Users/Asus/Documents/NetBeansProjects/LMSS/web/reset-password.jsp</file>
            <file>file:/C:/Users/Asus/Documents/NetBeansProjects/LMSS/src/java/controller/ResetPasswordServlet.java</file>
            <file>file:/C:/Users/Asus/Documents/NetBeansProjects/LMSS/src/java/controller/ForgotPasswordServlet.java</file>
            <file>file:/C:/Users/Asus/Documents/NetBeansProjects/LMSS/web/student/assignments.jsp</file>
            <file>file:/C:/Users/Asus/Documents/NetBeansProjects/LMSS/web/student/calendar.jsp</file>
            <file>file:/C:/Users/Asus/Documents/NetBeansProjects/LMSS/web/student/documents.jsp</file>
            <file>file:/C:/Users/Asus/Documents/NetBeansProjects/LMSS/web/student/grades.jsp</file>
            <file>file:/C:/Users/Asus/Documents/NetBeansProjects/LMSS/web/lecturer/dashboard.html</file>
            <file>file:/C:/Users/Asus/Documents/NetBeansProjects/LMSS/src/java/utils/DBConnection.java</file>
            <file>file:/C:/Users/Asus/Documents/NetBeansProjects/LMSS/web/forgot-password.jsp</file>
            <file>file:/C:/Users/Asus/Documents/NetBeansProjects/LMSS/src/java/utils/BCryptUtil.java</file>
            <file>file:/C:/Users/Asus/Documents/NetBeansProjects/LMSS/web/student/dashboard.html</file>
            <file>file:/C:/Users/Asus/Documents/NetBeansProjects/LMSS/web/register.jsp</file>
            <file>file:/C:/Users/Asus/Documents/NetBeansProjects/LMSS/src/java/utils/EmailUtil.java</file>
            <file>file:/C:/Users/Asus/Documents/NetBeansProjects/LMSS/src/java/model/Admin.java</file>
            <file>file:/C:/Users/Asus/Documents/NetBeansProjects/LMSS/src/java/dao/UsersDAO.java</file>
            <file>file:/C:/Users/Asus/Documents/NetBeansProjects/LMSS/src/java/dao/PasswordResetDAO.java</file>
            <file>file:/C:/Users/Asus/Documents/NetBeansProjects/LMSS/web/admin/dashboard.html</file>
            <file>file:/C:/Users/Asus/Documents/NetBeansProjects/LMSS/src/java/dao/StudentDAO.java</file>
            <file>file:/C:/Users/Asus/Documents/NetBeansProjects/LMSS/src/java/model/User.java</file>
        </group>
    </open-files>
</project-private>
