<?xml version="1.0" encoding="UTF-8"?>
<project-private xmlns="http://www.netbeans.org/ns/project-private/1">
    <editor-bookmarks xmlns="http://www.netbeans.org/ns/editor-bookmarks/2" lastBookmarkId="0"/>
    <open-files xmlns="http://www.netbeans.org/ns/projectui-open-files/2">
        <group>
            <file>file:/C:/Users/Asus/Documents/NetBeansProjects/LMSS/src/java/controller/LoginServlet.java</file>
            <file>file:/C:/Users/Asus/Documents/NetBeansProjects/LMSS/web/student/courses.jsp</file>
            <file>file:/C:/Users/Asus/Documents/NetBeansProjects/LMSS/src/java/controller/CourseServlet.java</file>
            <file>file:/C:/Users/Asus/Documents/NetBeansProjects/LMSS/src/java/model/Grade.java</file>
            <file>file:/C:/Users/Asus/Documents/NetBeansProjects/LMSS/src/java/dao/LecturerDAO.java</file>
            <file>file:/C:/Users/Asus/Documents/NetBeansProjects/LMSS/src/java/dao/AdminDAO.java</file>
            <file>file:/C:/Users/Asus/Documents/NetBeansProjects/LMSS/src/java/controller/GoogleLoginServlet.java</file>
            <file>file:/C:/Users/Asus/Documents/NetBeansProjects/LMSS/src/java/dao/ForumDAO.java</file>
            <file>file:/C:/Users/Asus/Documents/NetBeansProjects/LMSS/src/java/dao/GradeDAO.java</file>
            <file>file:/C:/Users/Asus/Documents/NetBeansProjects/LMSS/src/java/model/Lecturer.java</file>
            <file>file:/C:/Users/Asus/Documents/NetBeansProjects/LMSS/src/java/model/Material.java</file>
            <file>file:/C:/Users/Asus/Documents/NetBeansProjects/LMSS/web/login.jsp</file>
            <file>file:/C:/Users/Asus/Documents/NetBeansProjects/LMSS/src/java/dao/AssignmentDAO.java</file>
            <file>file:/C:/Users/Asus/Documents/NetBeansProjects/LMSS/src/java/model/Assignment.java</file>
            <file>file:/C:/Users/Asus/Documents/NetBeansProjects/LMSS/web/lecturer/grading.jsp</file>
            <file>file:/C:/Users/Asus/Documents/NetBeansProjects/LMSS/src/java/dao/MaterialDAO.java</file>
            <file>file:/C:/Users/Asus/Documents/NetBeansProjects/LMSS/web/student/assignments.jsp</file>
            <file>file:/C:/Users/Asus/Documents/NetBeansProjects/LMSS/web/student/calendar.jsp</file>
            <file>file:/C:/Users/Asus/Documents/NetBeansProjects/LMSS/src/java/controller/AttendanceServlet.java</file>
            <file>file:/C:/Users/Asus/Documents/NetBeansProjects/LMSS/web/student/documents.jsp</file>
            <file>file:/C:/Users/Asus/Documents/NetBeansProjects/LMSS/web/student/grades.jsp</file>
            <file>file:/C:/Users/Asus/Documents/NetBeansProjects/LMSS/web/admin/messages.jsp</file>
            <file>file:/C:/Users/Asus/Documents/NetBeansProjects/LMSS/src/java/controller/GradeServlet.java</file>
            <file>file:/C:/Users/Asus/Documents/NetBeansProjects/LMSS/web/lecturer/dashboard.html</file>
            <file>file:/C:/Users/Asus/Documents/NetBeansProjects/LMSS/src/java/controller/AssignmentServlet.java</file>
            <file>file:/C:/Users/Asus/Documents/NetBeansProjects/LMSS/web/lecturer/reports.jsp</file>
            <file>file:/C:/Users/Asus/Documents/NetBeansProjects/LMSS/src/java/utils/DBConnection.java</file>
            <file>file:/C:/Users/Asus/Documents/NetBeansProjects/LMSS/src/java/model/Attendance.java</file>
            <file>file:/C:/Users/Asus/Documents/NetBeansProjects/LMSS/src/java/controller/DiscussionServlet.java</file>
            <file>file:/C:/Users/Asus/Documents/NetBeansProjects/LMSS/web/student/dashboard.html</file>
            <file>file:/C:/Users/Asus/Documents/NetBeansProjects/LMSS/web/register.jsp</file>
            <file>file:/C:/Users/Asus/Documents/NetBeansProjects/LMSS/web/lecturer/courses.jsp</file>
            <file>file:/C:/Users/Asus/Documents/NetBeansProjects/LMSS/src/java/dao/UsersDAO.java</file>
            <file>file:/C:/Users/Asus/Documents/NetBeansProjects/LMSS/src/java/model/Course.java</file>
            <file>file:/C:/Users/Asus/Documents/NetBeansProjects/LMSS/web/admin/dashboard.html</file>
            <file>file:/C:/Users/Asus/Documents/NetBeansProjects/LMSS/src/java/model/Forum.java</file>
            <file>file:/C:/Users/Asus/Documents/NetBeansProjects/LMSS/web/admin/semesters.jsp</file>
            <file>file:/C:/Users/Asus/Documents/NetBeansProjects/LMSS/src/java/controller/MaterialServlet.java</file>
            <file>file:/C:/Users/Asus/Documents/NetBeansProjects/LMSS/web/student/forums.jsp</file>
            <file>file:/C:/Users/Asus/Documents/NetBeansProjects/LMSS/web/student/settings.jsp</file>
            <file>file:/C:/Users/Asus/Documents/NetBeansProjects/LMSS/src/java/dao/CourseDAO.java</file>
            <file>file:/C:/Users/Asus/Documents/NetBeansProjects/LMSS/src/java/dao/AttendanceDAO.java</file>
        </group>
    </open-files>
</project-private>
