<?xml version="1.0" encoding="UTF-8"?>
<project-private xmlns="http://www.netbeans.org/ns/project-private/1">
    <editor-bookmarks xmlns="http://www.netbeans.org/ns/editor-bookmarks/2" lastBookmarkId="0"/>
    <open-files xmlns="http://www.netbeans.org/ns/projectui-open-files/2">
        <group>
            <file>file:/C:/Users/Asus/Documents/NetBeansProjects/LMSS/src/java/controller/LoginServlet.java</file>
            <file>file:/C:/Users/Asus/Documents/NetBeansProjects/LMSS/src/java/controller/ProfileServlet.java</file>
            <file>file:/C:/Users/Asus/Documents/NetBeansProjects/LMSS/src/java/dao/AdminDAO.java</file>
            <file>file:/C:/Users/Asus/Documents/NetBeansProjects/LMSS/web/forgot-password.jsp</file>
            <file>file:/C:/Users/Asus/Documents/NetBeansProjects/LMSS/web/student/dashboard.html</file>
            <file>file:/C:/Users/Asus/Documents/NetBeansProjects/LMSS/web/register.jsp</file>
            <file>file:/C:/Users/Asus/Documents/NetBeansProjects/LMSS/src/java/controller/GoogleLoginServlet.java</file>
            <file>file:/C:/Users/Asus/Documents/NetBeansProjects/LMSS/web/edit-profile.jsp</file>
            <file>file:/C:/Users/Asus/Documents/NetBeansProjects/LMSS/src/java/controller/ChangePasswordServlet.java</file>
            <file>file:/C:/Users/Asus/Documents/NetBeansProjects/LMSS/src/java/model/Student.java</file>
            <file>file:/C:/Users/Asus/Documents/NetBeansProjects/LMSS/web/login.jsp</file>
            <file>file:/C:/Users/Asus/Documents/NetBeansProjects/LMSS/src/java/controller/LogoutServlet.java</file>
            <file>file:/C:/Users/Asus/Documents/NetBeansProjects/LMSS/src/java/controller/AvatarUploadServlet.java</file>
            <file>file:/C:/Users/Asus/Documents/NetBeansProjects/LMSS/web/profile.jsp</file>
            <file>file:/C:/Users/Asus/Documents/NetBeansProjects/LMSS/src/java/dao/UserDAO.java</file>
            <file>file:/C:/Users/Asus/Documents/NetBeansProjects/LMSS/web/reset-password.jsp</file>
            <file>file:/C:/Users/Asus/Documents/NetBeansProjects/LMSS/web/WEB-INF/web.xml</file>
            <file>file:/C:/Users/Asus/Documents/NetBeansProjects/LMSS/src/java/model/User.java</file>
            <file>file:/C:/Users/Asus/Documents/NetBeansProjects/LMSS/src/java/controller/ForgotPasswordServlet.java</file>
        </group>
    </open-files>
</project-private>
