<?xml version="1.0" encoding="UTF-8"?>
<project-private xmlns="http://www.netbeans.org/ns/project-private/1">
    <editor-bookmarks xmlns="http://www.netbeans.org/ns/editor-bookmarks/2" lastBookmarkId="0"/>
    <open-files xmlns="http://www.netbeans.org/ns/projectui-open-files/2">
        <group>
            <file>file:/C:/Users/Asus/Downloads/đồ%20án/LMSS/web/admin/create-course.jsp</file>
            <file>file:/C:/Users/Asus/Downloads/đồ%20án/LMSS/web/lecturer/forum-view.jsp</file>
            <file>file:/C:/Users/Asus/Downloads/đồ%20án/LMSS/web/admin/semesters-new.jsp</file>
            <file>file:/C:/Users/Asus/Downloads/đồ%20án/LMSS/web/lecturer/materials-content.jsp</file>
            <file>file:/C:/Users/Asus/Downloads/đồ%20án/LMSS/web/lecturer/assignment-form.jsp</file>
            <file>file:/C:/Users/Asus/Downloads/đồ%20án/LMSS/web/admin/statistics.jsp</file>
            <file>file:/C:/Users/Asus/Downloads/đồ%20án/LMSS/src/java/utils/DBConnection.java</file>
            <file>file:/C:/Users/Asus/Downloads/đồ%20án/LMSS/web/lecturer/courses.jsp</file>
            <file>file:/C:/Users/Asus/Downloads/đồ%20án/LMSS/src/java/controller/GradeServlet.java</file>
            <file>file:/C:/Users/Asus/Downloads/đồ%20án/LMSS/web/lecturer/view-course.jsp</file>
            <file>file:/C:/Users/Asus/Downloads/đồ%20án/LMSS/web/lecturer/materials.jsp</file>
            <file>file:/C:/Users/Asus/Downloads/đồ%20án/LMSS/web/lecturer/announcements.jsp</file>
            <file>file:/C:/Users/Asus/Downloads/đồ%20án/LMSS/web/lecturer/course-management.jsp</file>
            <file>file:/C:/Users/Asus/Downloads/đồ%20án/LMSS/web/lecturer/edit-course.jsp</file>
            <file>file:/C:/Users/Asus/Downloads/đồ%20án/LMSS/web/lecturer/forums.jsp</file>
            <file>file:/C:/Users/Asus/Downloads/đồ%20án/LMSS/web/lecturer/create-course-content.jsp</file>
            <file>file:/C:/Users/Asus/Downloads/đồ%20án/LMSS/web/admin/view-user.jsp</file>
            <file>file:/C:/Users/Asus/Downloads/đồ%20án/LMSS/web/WEB-INF/web.xml</file>
            <file>file:/C:/Users/Asus/Downloads/đồ%20án/LMSS/web/admin/users.jsp</file>
            <file>file:/C:/Users/Asus/Downloads/đồ%20án/LMSS/web/lecturer/create-course.jsp</file>
            <file>file:/C:/Users/Asus/Downloads/đồ%20án/LMSS/src/java/controller/LecturerAnnouncementServlet.java</file>
            <file>file:/C:/Users/Asus/Downloads/đồ%20án/LMSS/web/lecturer/course-view.jsp</file>
            <file>file:/C:/Users/Asus/Downloads/đồ%20án/LMSS/src/java/controller/LecturerAssignmentServlet.java</file>
            <file>file:/C:/Users/Asus/Downloads/đồ%20án/LMSS/src/java/controller/EnrollCourseServlet.java</file>
            <file>file:/C:/Users/Asus/Downloads/đồ%20án/LMSS/web/lecturer/course-form.jsp</file>
            <file>file:/C:/Users/Asus/Downloads/đồ%20án/LMSS/web/error.jsp</file>
            <file>file:/C:/Users/Asus/Downloads/đồ%20án/LMSS/web/lecturer/forum-form.jsp</file>
            <file>file:/C:/Users/Asus/Downloads/đồ%20án/LMSS/web/lecturer/assignments.jsp</file>
            <file>file:/C:/Users/Asus/Downloads/đồ%20án/LMSS/src/java/controller/LecturerGradeServlet.java</file>
            <file>file:/C:/Users/Asus/Downloads/đồ%20án/LMSS/web/lecturer/courses-content.jsp</file>
            <file>file:/C:/Users/Asus/Downloads/đồ%20án/LMSS/web/lecturer/profile.jsp</file>
            <file>file:/C:/Users/Asus/Downloads/đồ%20án/LMSS/web/lecturer/students-content.jsp</file>
            <file>file:/C:/Users/Asus/Downloads/đồ%20án/LMSS/web/lecturer/tests.jsp</file>
            <file>file:/C:/Users/Asus/Downloads/đồ%20án/LMSS/web/lecturer/edit-course-content.jsp</file>
            <file>file:/C:/Users/Asus/Downloads/đồ%20án/LMSS/web/admin/edit-user.jsp</file>
            <file>file:/C:/Users/Asus/Downloads/đồ%20án/LMSS/web/lecturer/announcements-content.jsp</file>
            <file>file:/C:/Users/Asus/Downloads/đồ%20án/LMSS/src/java/controller/AdminUserServlet.java</file>
            <file>file:/C:/Users/Asus/Downloads/đồ%20án/LMSS/web/lecturer/lecturer-template.jsp</file>
            <file>file:/C:/Users/Asus/Downloads/đồ%20án/LMSS/web/lecturer/tests-content.jsp</file>
            <file>file:/C:/Users/Asus/Downloads/đồ%20án/LMSS/web/lecturer/dashboard.jsp</file>
            <file>file:/C:/Users/Asus/Downloads/đồ%20án/LMSS/web/student/dashboard.jsp</file>
            <file>file:/C:/Users/Asus/Downloads/đồ%20án/LMSS/web/lecturer/assignment-view.jsp</file>
            <file>file:/C:/Users/Asus/Downloads/đồ%20án/LMSS/web/lecturer/students.jsp</file>
            <file>file:/C:/Users/Asus/Downloads/đồ%20án/LMSS/web/lecturer/assignments-content.jsp</file>
            <file>file:/C:/Users/Asus/Downloads/đồ%20án/LMSS/web/lecturer/courses-new.jsp</file>
            <file>file:/C:/Users/Asus/Downloads/đồ%20án/LMSS/web/admin/reports.jsp</file>
            <file>file:/C:/Users/Asus/Downloads/đồ%20án/LMSS/web/student/sidebar.jsp</file>
            <file>file:/C:/Users/Asus/Downloads/đồ%20án/LMSS/web/lecturer/sidebar.jsp</file>
            <file>file:/C:/Users/Asus/Downloads/đồ%20án/LMSS/src/java/controller/LecturerTestServlet.java</file>
            <file>file:/C:/Users/Asus/Downloads/đồ%20án/LMSS/web/lecturer/view-course-content.jsp</file>
            <file>file:/C:/Users/Asus/Downloads/đồ%20án/LMSS/src/java/dao/AdminDAO.java</file>
            <file>file:/C:/Users/Asus/Downloads/đồ%20án/LMSS/web/lecturer/course-detail.jsp</file>
            <file>file:/C:/Users/Asus/Downloads/đồ%20án/LMSS/web/lecturer/post-form.jsp</file>
            <file>file:/C:/Users/Asus/Downloads/đồ%20án/LMSS/web/lecturer/grades.jsp</file>
            <file>file:/C:/Users/Asus/Downloads/đồ%20án/LMSS/src/java/controller/LecturerStudentServlet.java</file>
            <file>file:/C:/Users/Asus/Downloads/đồ%20án/LMSS/web/admin/courses.jsp</file>
            <file>file:/C:/Users/Asus/Downloads/đồ%20án/LMSS/src/java/controller/AdminDashboardServlet.java</file>
            <file>file:/C:/Users/Asus/Downloads/đồ%20án/LMSS/web/admin/view-course.jsp</file>
            <file>file:/C:/Users/Asus/Downloads/đồ%20án/LMSS/src/java/controller/DownloadMaterialServlet.java</file>
            <file>file:/C:/Users/Asus/Downloads/đồ%20án/LMSS/src/java/controller/LecturerCourseServlet.java</file>
            <file>file:/C:/Users/Asus/Downloads/đồ%20án/LMSS/web/admin/edit-course.jsp</file>
            <file>file:/C:/Users/Asus/Downloads/đồ%20án/LMSS/web/login.jsp</file>
            <file>file:/C:/Users/Asus/Downloads/đồ%20án/LMSS/src/java/filter/AuthenticationFilter.java</file>
            <file>file:/C:/Users/Asus/Downloads/đồ%20án/LMSS/web/admin/create-user.jsp</file>
            <file>file:/C:/Users/Asus/Downloads/đồ%20án/LMSS/web/lecturer/dashboard-content.jsp</file>
        </group>
    </open-files>
</project-private>
